{
  "format_version": "1.16.100",
  "minecraft:item": {
    "description": {
      "identifier": "aerell:celana",
      "category": "equipment"
    },
    "components": {
      "minecraft:icon": {
        "texture": "celana"
      },
      "minecraft:creative_category": {
        "parent": "itemGroup.name.celana"
      },
      "minecraft:max_stack_size": 1,
      "minecraft:enchantable": {
        "value": 10,
        "slot": "armor_legs"
      },
      "minecraft:durability": {
        "max_durability": 170,
        "damage_chance": {
          "min": 70,
          "max": 100
        }
      },
      "minecraft:knockback_resistance": {
        "protection": 0.7
      },
      "minecraft:wearable": {
        "slot": "slot.armor.legs"
      },
      "minecraft:render_offsets": "leggings",
      "minecraft:armor": {
        "protection": 2
      },
      "minecraft:display_name": {}
    }
  }
}