{
    "format_version": "1.16.100",
    "minecraft:item": {
        "description": {
            "identifier": "aerell:es_buah",
            "category": "Equipment"
        },
        "components": {
            "minecraft:use_duration": 1.5,
            "minecraft:food": {
                "nutrition": 6,
                "saturation_modifier": "low",
                "can_always_eat": true,
                "on_consume": {
                    "event": "on_consume",
                    "target": "self"
                }
            },
            "minecraft:block_placer": {
                "block": "aerell:es_buah_block"
            },
            "minecraft:use_animation": "drink",
            "minecraft:icon": {
                "texture": "es_buah"
            },
            "minecraft:display_name": {},
            "minecraft:render_offsets": {
                "main_hand": {
                  "first_person": {
                    "scale": [
                      0.0085,
                      0.0085,
                      0.0085
                    ]
                  },
                  "third_person": {
                    "position": [
                        0.10,
                        0.1,
                        0.0085
                    ],
                    "scale": [
                      0.02,
                      0.02,
                      0.02
                    ]
                  }
                }
            }
        },
        "events": {
            "on_consume": {
                "sequence": [
                    {
                        "add_mob_effect": {
                            "effect": "speed",
                            "target": "holder",
                            "duration": 30,
                            "amplifier": 1
                        }
                    }
                ]
            }
        }
    }
}