{
    "format_version": "1.16.100",
    "minecraft:item": {
        "description": {
            "identifier": "aerell:kacang_bandung",
            "category": "Equipment"
        },
        "components": {
            "minecraft:use_duration": 1,
            "minecraft:food": {
                "nutrition": 1,
                "saturation_modifier": "low",
                "can_always_eat": false,
                "on_consume": {
                    "event": "on_consume",
                    "target": "self"
                }
            },
            "minecraft:use_animation": "eat",
            "minecraft:icon": {
                "texture": "kacang_bandung"
            },
            "minecraft:display_name": {},
            "minecraft:render_offsets": {
                "main_hand": {
                  "first_person": {
                    "scale": [
                      0.0085,
                      0.0085,
                      0.0085
                    ]
                  },
                  "third_person": {
                    "position": [
                        0.0085,
                        0.80,
                        -0.0085
                    ],
                    "scale": [
                      0.02,
                      0.02,
                      0.02
                    ]
                  }
                }
              }
        },
        "events": {
            "on_consume": {
                "sequence": [
                    {
                        "add_mob_effect": {
                            "effect": "regeneration",
                            "target": "holder",
                            "duration": 2,
                            "amplifier": 1
                        }
                    }
                ]
            }
        }
    }
}