{
    "format_version": "1.16.100",
    "minecraft:item": {
        "description": {
            "identifier": "aerell:ketupat_masak",
            "category": "Equipment"
        },
        "components": {
            "minecraft:use_duration": 2,
            "minecraft:food": {
                "nutrition": 0,
                "saturation_modifier": "low",
                "can_always_eat": true,
                "using_converts_to": "aerell:lontong"
            },
            "minecraft:max_stack_size": 5,
            "minecraft:use_animation": "eat",
            "minecraft:icon": {
                "texture": "ketupat_masak"
            },
            "minecraft:display_name": {},
            "minecraft:render_offsets": {
                "main_hand": {
                  "first_person": {
                    "scale": [
                      0.0085,
                      0.0085,
                      0.0085
                    ]
                  },
                  "third_person": {
                    "position": [
                        0.0085,
                        0.80,
                        -0.0085
                    ],
                    "scale": [
                      0.02,
                      0.02,
                      0.02
                    ]
                  }
                }
            }
        },
        "events": {
        }
    }
}