{
  "format_version": "1.16.100",
  "minecraft:item": {
    "description": {
      "identifier": "aerell:sarung_hitam_b",
      "category": "equipment"
    },
    "components": {
      "minecraft:icon": {
        "texture": "sarung_hitam_b"
      },
      "minecraft:creative_category": {
        "parent": "itemGroup.name.baju"
      },
      "minecraft:max_stack_size": 1,
      "minecraft:enchantable": {
        "value": 10,
        "slot": "sword"
      },
      "minecraft:hand_equipped": true,
      "minecraft:durability": {
        "max_durability": 170,
        "damage_chance": {
          "min": 70,
          "max": 100
        }
      },
      "minecraft:knockback_resistance": {
        "protection": 0.5
      },
      "minecraft:wearable": {
        "slot": "slot.armor.chest"
      },
      "minecraft:damage": 1,
      "minecraft:render_offsets": {
        "main_hand": {
          "first_person": {
            "scale": [
              0.0085,
              0.0085,
              0.0085
            ]
          },
          "third_person": {
            "scale": [
              0.02,
              0.02,
              0.02
            ]
          }
        }
      },
      "minecraft:armor": {
        "protection": 1
      },
      "minecraft:display_name": {}
    }
  }
}