{
    "format_version": "1.16.100",
    "minecraft:item": {
        "description": {
            "identifier": "aerell:sate_kambing",
            "category": "Equipment"
        },
        "components": {
            "minecraft:use_duration": 3,
            "minecraft:food": {
                "nutrition": 2,
                "saturation_modifier": "low",
                "can_always_eat": false,
                "using_converts_to": "stick",
                "on_consume": {
                    "event": "on_consume",
                    "target": "self"
                }
            },
            "minecraft:use_animation": "eat",
            "minecraft:icon": {
                "texture": "sate_kambing"
            },
            "minecraft:display_name": {}
        },
        "events": {
        }
    }
}