{
    "format_version": "1.16.100",
    "minecraft:item": {
        "description": {
            "identifier": "aerell:tempat_wudu",
            "category": "Equipment"
        },
        "components": {
            "minecraft:max_stack_size": 64,
            "minecraft:icon": {
                "texture": "tempat_wudu"
            },
            "minecraft:entity_placer": {
                "entity": "aerell:tempat_wudu"
            },
            "minecraft:display_name": {
              "value": "Tempat wudu\n§eCatatan : Taruh di bawah keran"
            },
            "minecraft:render_offsets": {
                "main_hand": {
                  "first_person": {
                    "scale": [
                      0.0085,
                      0.0085,
                      0.0085
                    ]
                  },
                  "third_person": {
                    "position": [
                        0.0085,
                        0.80,
                        -0.0085
                    ],
                    "scale": [
                      0.02,
                      0.02,
                      0.02
                    ]
                  }
                }
            }
        },
        "events": {
        }
    }
}