{
  "format_version": "1.12",
  "minecraft:recipe_shaped": {
    "description": {
      "identifier": "aerell:gantungan_sheep"
    },
    "tags": [
      "crafting_table"
    ],
    "pattern": [
      " A ",
      " B ",
      "BBB"
    ],
    "key": {
      "A": {
        "item": "minecraft:blackstone",
        "data": 0
      },
      "B": {
        "item": "minecraft:iron_ingot",
        "data": 0
      }
    },
    "result": {
      "item": "aerell:gantungan_sheep_spawn_egg",
      "count": 1
    }
  }
}