{
    "format_version": "1.12",
    "minecraft:recipe_shaped": {
        "tags": [
            "crafting_table"
        ],
        "pattern": [
            "/  ",
            "B  ",
            "B /"
        ],
        "key": {
            "/": {
                "item": "minecraft:stick"
            },
            "B": {
                "item": "minecraft:bamboo"
            }
        },
        "result": {
            "item": "aerell:kentongan_bambu",
            "count": 1
        },
        "description": {
            "identifier": "aerell:kentongan_bambu"
        }
    }
}