{
  "format_version": "1.12",
  "minecraft:recipe_shaped": {
      "tags": [
          "crafting_table"
      ],
      "pattern": [
          "/  ",
          "P  ",
          "P /"
      ],
      "key": {
          "/": {
              "item": "minecraft:stick"
          },
          "P": {
              "item": "minecraft:planks"
          }
      },
      "result": {
          "item": "aerell:kentongan_kayu",
          "count": 1
      },
      "description": {
          "identifier": "aerell:kentongan_kayu"
      }
  }
}