{
    "format_version": "1.16.100",
    "minecraft:item": {
        "description": {
            "identifier": "aerell:uang_10rb",
            "category": "Items"
        },
        "components": {
            "minecraft:icon": {
                "texture": "uang_10rb"
            },
            "minecraft:display_name": {
              "value": "Uang\n§e10.000 Rupiah"
            },
            "minecraft:render_offsets": {
                "main_hand": {
                  "first_person": {
                    "scale": [
                      0.0085,
                      0.0085,
                      0.0085
                    ]
                  },
                  "third_person": {
                    "position": [
                        0.0085,
                        0.80,
                        -0.0085
                    ],
                    "scale": [
                      0.02,
                      0.02,
                      0.02
                    ]
                  }
                }
            }
        },
        "events": {
        }
    }
}