{
  "format_version": "1.16.0",
  "minecraft:entity": {
    "description": {
      "identifier": "minecraft:cow",
      "is_spawnable": true,
      "is_summonable": true,
      "is_experimental": false
    },
    "component_groups": {
      "minecraft:cow_baby": {
        "minecraft:is_baby": {},
        "minecraft:scale": {
          "value": 0.5
        },
        "minecraft:ageable": {
          "duration": 1200,
          "feed_items": "wheat",
          "grow_up": {
            "event": "minecraft:ageable_grow_up",
            "target": "self"
          }
        },
        "minecraft:behavior.follow_parent": {
          "priority": 6,
          "speed_multiplier": 1.1
        }
      },
      "minecraft:cow_adult": {
        "minecraft:experience_reward": {
          "on_bred": "Math.Random(1,7)",
          "on_death": "query.last_hit_by_player ? Math.Random(1,3) : 0"
        },
        "minecraft:loot": {
          "table": "loot_tables/entities/cow.json"
        },
        "minecraft:behavior.breed": {
          "priority": 3,
          "speed_multiplier": 1.0
        },
        "minecraft:breedable": {
          "require_tame": false,
          "breed_items": "wheat",
          "breeds_with": {
            "mate_type": "minecraft:cow",
            "baby_type": "minecraft:cow",
            "breed_event": {
              "event": "minecraft:entity_born",
              "target": "baby"
            }
          }
        },
        "minecraft:interact": {
          "interactions": [
            {
              "on_interact": {
                "filters": {
                  "all_of": [
                    {
                      "test": "is_sneaking",
                      "subject": "other",
                      "operator": "\u003d\u003d",
                      "value": true
                    },
                    {
                      "test": "is_family",
                      "subject": "other",
                      "value": "player"
                    }
                  ]
                },
                "event": "aerell:robohkan",
                "target": "self"
              },
              "interact_text": "action.interact.tidurin"
            },
            {
              "on_interact": {
                "filters": {
                  "all_of": [
                    {
                      "test": "is_family",
                      "subject": "other",
                      "value": "player"
                    },
                    {
                      "test": "has_equipment",
                      "domain": "hand",
                      "subject": "other",
                      "value": "bucket:0"
                    }
                  ]
                }
              },
              "use_item": true,
              "transform_to_item": "bucket:1",
              "play_sounds": "milk",
              "interact_text": "action.interact.milk"
            }
          ]
        }
      },
      "aerell:sapi_default": {
        "minecraft:variant": {
          "value": 0
        }
      },
      "aerell:sapi_abuabu": {
        "minecraft:variant": {
          "value": 1
        }
      },
      "aerell:sapi_coklat": {
        "minecraft:variant": {
          "value": 2
        }
      },
      "aerell:sapi_putih": {
        "minecraft:variant": {
          "value": 3
        }
      },
      "aerell:sapi_stepe": {
        "minecraft:variant": {
          "value": 4
        }
      },
      "aerell:sapi_moend": {
        "minecraft:variant": {
          "value": 5
        }
      },
      "become_roboh": {
        "minecraft:transformation": {
          "into": "aerell:cow_tidur_hidup"
        }
      }
    },
    "components": {
      "minecraft:is_hidden_when_invisible": {},
      "minecraft:type_family": {
        "family": [
          "cow",
          "mob"
        ]
      },
      "minecraft:breathable": {
        "total_supply": 15,
        "suffocate_time": 0
      },
      "minecraft:navigation.walk": {
        "can_path_over_water": true,
        "avoid_water": true,
        "avoid_damage_blocks": true
      },
      "minecraft:movement.basic": {},
      "minecraft:jump.static": {},
      "minecraft:can_climb": {},
      "minecraft:collision_box": {
        "width": 0.9,
        "height": 1.3
      },
      "minecraft:nameable": {
        "default_trigger": {
          "event": "aerell:nama_normal",
          "target": "self"
        }
      },
      "minecraft:health": {
        "value": 10,
        "max": 10
      },
      "minecraft:hurt_on_condition": {
        "damage_conditions": [
          {
            "filters": {
              "test": "in_lava",
              "subject": "self",
              "operator": "\u003d\u003d",
              "value": true
            },
            "cause": "lava",
            "damage_per_tick": 4
          }
        ]
      },
      "minecraft:movement": {
        "value": 0.25
      },
      "minecraft:despawn": {
        "despawn_from_distance": {}
      },
      "minecraft:behavior.float": {
        "priority": 0
      },
      "minecraft:behavior.panic": {
        "priority": 1,
        "speed_multiplier": 1.25
      },
      "minecraft:behavior.mount_pathing": {
        "priority": 2,
        "speed_multiplier": 1.5,
        "target_dist": 0.0,
        "track_target": true
      },
      "minecraft:behavior.breed": {
        "priority": 3,
        "speed_multiplier": 1.0
      },
      "minecraft:behavior.tempt": {
        "priority": 4,
        "speed_multiplier": 1.25,
        "items": [
          "wheat"
        ]
      },
      "minecraft:behavior.follow_parent": {
        "priority": 5,
        "speed_multiplier": 1.1
      },
      "minecraft:behavior.random_stroll": {
        "priority": 6,
        "speed_multiplier": 0.8
      },
      "minecraft:behavior.look_at_player": {
        "priority": 7,
        "look_distance": 6.0,
        "probability": 0.02
      },
      "minecraft:behavior.random_look_around": {
        "priority": 9
      },
      "minecraft:leashable": {
        "soft_distance": 4.0,
        "hard_distance": 6.0,
        "max_distance": 10.0
      },
      "minecraft:balloonable": {},
      "minecraft:rideable": {
        "seat_count": 1,
        "family_types": [
          "zombie"
        ],
        "seats": {
          "position": [
            0.0,
            1.105,
            0.0
          ]
        }
      },
      "minecraft:physics": {},
      "minecraft:pushable": {
        "is_pushable": true,
        "is_pushable_by_piston": true
      },
      "minecraft:conditional_bandwidth_optimization": {}
    },
    "events": {
      "minecraft:entity_spawned": {
        "randomize": [
          {
            "weight": 95,
            "trigger": "minecraft:spawn_adult"
          },
          {
            "weight": 5,
            "trigger": "minecraft:spawn_baby"
          }
        ]
      },
      "minecraft:entity_born": {
        "add": {
          "component_groups": [
            "minecraft:cow_baby"
          ]
        }
      },
      "aerell:robohkan": {
        "add": {
          "component_groups": [
            "become_roboh"
          ]
        }
      },
      "minecraft:entity_transformed": {
        "sequence": [
          {
            "add": {
              "component_groups": [
                "minecraft:cow_adult"
              ]
            }
          },
          {
            "filters": {
              "test": "is_variant",
              "subject": "other",
              "value": 0
            },
            "add": {
              "component_groups": [
                "aerell:sapi_default"
              ]
            }
          },
          {
            "filters": {
              "test": "is_variant",
              "subject": "other",
              "value": 1
            },
            "add": {
              "component_groups": [
                "aerell:sapi_abuabu"
              ]
            }
          },
          {
            "filters": {
              "test": "is_variant",
              "subject": "other",
              "value": 2
            },
            "add": {
              "component_groups": [
                "aerell:sapi_coklat"
              ]
            }
          },
          {
            "filters": {
              "test": "is_variant",
              "subject": "other",
              "value": 3
            },
            "add": {
              "component_groups": [
                "aerell:sapi_putih"
              ]
            }
          },
          {
            "filters": {
              "test": "is_variant",
              "subject": "other",
              "value": 4
            },
            "add": {
              "component_groups": [
                "aerell:sapi_stepe"
              ]
            }
          },
          {
            "filters": {
              "test": "is_variant",
              "subject": "other",
              "value": 5
            },
            "add": {
              "component_groups": [
                "aerell:sapi_moend"
              ]
            }
          }
        ]
      },
      "minecraft:ageable_grow_up": {
        "remove": {
          "component_groups": [
            "minecraft:cow_baby"
          ]
        },
        "add": {
          "component_groups": [
            "minecraft:cow_adult"
          ]
        }
      },
      "aerell:easteregg_stepe": {
        "add": {
          "component_groups": [
            "aerell:sapi_stepe"
          ]
        }
      },
      "aerell:easteregg_moend": {
        "add": {
          "component_groups": [
            "aerell:sapi_moend"
          ]
        }
      },
      "minecraft:spawn_adult": {
        "sequence": [
          {
            "add": {
              "component_groups": [
                "minecraft:cow_adult",
                "kabur"
              ]
            }
          },
          {
            "randomize": [
              {
                "add": {
                  "component_groups": [
                    "aerell:sapi_default"
                  ]
                }
              },
              {
                "add": {
                  "component_groups": [
                    "aerell:sapi_abuabu"
                  ]
                }
              },
              {
                "add": {
                  "component_groups": [
                    "aerell:sapi_coklat"
                  ]
                }
              },
              {
                "add": {
                  "component_groups": [
                    "aerell:sapi_putih"
                  ]
                }
              }
            ]
          }
        ]
      },
      "minecraft:spawn_baby": {
        "sequence": [
          {
            "add": {
              "component_groups": [
                "minecraft:cow_baby"
              ]
            }
          },
          {
            "randomize": [
              {
                "add": {
                  "component_groups": [
                    "aerell:sapi_default"
                  ]
                }
              },
              {
                "add": {
                  "component_groups": [
                    "aerell:sapi_abuabu"
                  ]
                }
              },
              {
                "add": {
                  "component_groups": [
                    "aerell:sapi_coklat"
                  ]
                }
              },
              {
                "add": {
                  "component_groups": [
                    "aerell:sapi_putih"
                  ]
                }
              }
            ]
          }
        ]
      },
      "aerell:nama_normal": {
        "sequence": [
          {
            "randomize": [
              {
                "add": {
                  "component_groups": [
                    "aerell:sapi_default"
                  ]
                }
              },
              {
                "add": {
                  "component_groups": [
                    "aerell:sapi_abuabu"
                  ]
                }
              },
              {
                "add": {
                  "component_groups": [
                    "aerell:sapi_coklat"
                  ]
                }
              },
              {
                "add": {
                  "component_groups": [
                    "aerell:sapi_putih"
                  ]
                }
              }
            ]
          }
        ]
      },
      "aerell:sapi_default": {
        "add": {
          "component_groups": [
            "aerell:sapi_default",
            "minecraft:cow_adult"
          ]
        }
      },
      "aerell:sapi_abuabu": {
        "add": {
          "component_groups": [
            "aerell:sapi_abuabu",
            "minecraft:cow_adult"
          ]
        }
      },
      "aerell:sapi_coklat": {
        "add": {
          "component_groups": [
            "aerell:sapi_coklat",
            "minecraft:cow_adult"
          ]
        }
      },
      "aerell:sapi_putih": {
        "add": {
          "component_groups": [
            "aerell:sapi_putih",
            "minecraft:cow_adult"
          ]
        }
      },
      "aerell:sapi_stepe": {
        "add": {
          "component_groups": [
            "aerell:sapi_stepe",
            "minecraft:cow_adult"
          ]
        }
      },
      "aerell:sapi_moend": {
        "add": {
          "component_groups": [
            "aerell:sapi_moend",
            "minecraft:cow_adult"
          ]
        }
      }
    }
  }
}