{
  "format_version": "1.16.0",
  "minecraft:entity": {
    "description": {
      "identifier": "aerell:sheep_tidur_mati",
      "is_spawnable": false,
      "is_summonable": false,
      "is_experimental": false
    },
    "component_groups": {
      "minecraft:sheep_adult": {
        "minecraft:experience_reward": {
          "on_bred": "Math.Random(1,7)",
          "on_death": "query.last_hit_by_player ? Math.Random(1,3) : 0"
        },
        "minecraft:behavior.breed": {
          "priority": 3,
          "speed_multiplier": 1.0
        },
        "minecraft:breedable": {
          "require_tame": false,
          "breed_items": "wheat",
          "breeds_with": {
            "mate_type": "minecraft:sheep",
            "baby_type": "minecraft:sheep",
            "breed_event": {
              "event": "minecraft:entity_born",
              "target": "baby"
            }
          }
        }
      },
      "aerell:sheep_default": {
        "minecraft:interact": {
          "interactions": [
            {
              "on_interact": {
                "filters": {
                  "all_of": [
                    {
                      "test": "is_sneaking",
                      "subject": "other",
                      "operator": "\u003d\u003d",
                      "value": true
                    },
                    {
                      "test": "is_family",
                      "subject": "other",
                      "value": "player"
                    }
                  ],
                  "any_of": [
                    {
                      "test": "has_equipment",
                      "subject": "other",
                      "domain": "hand",
                      "operator": "\u003d\u003d",
                      "value": "lead"
                    }
                  ]
                },
                "event": "aerell:mati",
                "target": "self"
              },
              "hurt_item": 1,
              "transform_to_item": "aerell:sheep_lead",
              "interact_text": "action.interact.lead"
            }
          ]
        },
        "minecraft:variant": {
          "value": 0
        }
      },
      "become_mati": {
        "minecraft:instant_despawn": {}
      }
    },
    "components": {
      "minecraft:is_hidden_when_invisible": {},
      "minecraft:type_family": {
        "family": [
          "sheep",
          "mob"
        ]
      },
      "minecraft:breathable": {
        "total_supply": 15,
        "suffocate_time": 0
      },
      "minecraft:navigation.walk": {
        "can_path_over_water": true,
        "avoid_water": true,
        "avoid_damage_blocks": true
      },
      "minecraft:movement.basic": {},
      "minecraft:jump.static": {},
      "minecraft:can_climb": {},
      "minecraft:collision_box": {
        "width": 0.9,
        "height": 1.3
      },
      "minecraft:nameable": {
        "default_trigger": {
          "event": "aerell:nama_normal",
          "target": "self"
        }
      },
      "minecraft:health": {
        "value": 10,
        "max": 10
      },
      "minecraft:hurt_on_condition": {
        "damage_conditions": [
          {
            "filters": {
              "test": "in_lava",
              "subject": "self",
              "operator": "\u003d\u003d",
              "value": true
            },
            "cause": "lava",
            "damage_per_tick": 4
          }
        ]
      },
      "minecraft:movement": {
        "value": 0
      },
      "minecraft:despawn": {
        "despawn_from_distance": {}
      },
      "minecraft:behavior.float": {
        "priority": 0
      },
      "minecraft:physics": {},
      "minecraft:pushable": {
        "is_pushable": true,
        "is_pushable_by_piston": true
      },
      "minecraft:conditional_bandwidth_optimization": {}
    },
    "events": {
      "minecraft:entity_spawned": {
        "randomize": [
          {
            "trigger": "minecraft:spawn_adult"
          }
        ]
      },
      "aerell:mati": {
        "add": {
          "component_groups": [
            "become_mati"
          ]
        }
      },
      "minecraft:entity_transformed": {
        "sequence": [
          {
            "add": {
              "component_groups": [
                "minecraft:sheep_adult",
                "aerell:sheep_default"
              ]
            }
          }
        ]
      },
      "minecraft:spawn_adult": {
        "sequence": [
          {
            "add": {
              "component_groups": [
                "minecraft:sheep_adult"
              ]
            }
          },
          {
            "randomize": [
              {
                "add": {
                  "component_groups": [
                    "aerell:sheep_default"
                  ]
                }
              }
            ]
          }
        ]
      }
    }
  }
}