{
  "format_version": "1.16.0",
  "minecraft:entity": {
    "description": {
      "identifier": "aerell:gantungan_sapi",
      "is_spawnable": true,
      "is_summonable": true,
      "is_experimental": false
    },
    "component_groups": {
      "aerell:gantungan": {
        "minecraft:variant": {
          "value": 0
        },
        "minecraft:interact": {
          "interactions": [
            {
              "on_interact": {
                "filters": {
                  "all_of": [
                    {
                      "test": "has_equipment",
                      "subject": "other",
                      "domain": "hand",
                      "value": "aerell:sapi_lead"
                    },
                    {
                      "test": "is_family",
                      "subject": "other",
                      "value": "player"
                    }
                  ]
                },
                "event": "aerell:sapi",
                "target": "self"
              },
              "use_item": true,
              "interact_text": "action.interact.gantung",
              "swing": true
            },
            {
              "on_interact": {
                "filters": {
                  "all_of": [
                    {
                      "test": "has_equipment",
                      "subject": "other",
                      "domain": "hand",
                      "value": "aerell:coklat_lead"
                    },
                    {
                      "test": "is_family",
                      "subject": "other",
                      "value": "player"
                    }
                  ]
                },
                "event": "aerell:coklat",
                "target": "self"
              },
              "use_item": true,
              "interact_text": "action.interact.gantung",
              "swing": true
            },
            {
              "on_interact": {
                "filters": {
                  "all_of": [
                    {
                      "test": "has_equipment",
                      "subject": "other",
                      "domain": "hand",
                      "value": "aerell:abuabu_lead"
                    },
                    {
                      "test": "is_family",
                      "subject": "other",
                      "value": "player"
                    }
                  ]
                },
                "event": "aerell:abuabu",
                "target": "self"
              },
              "use_item": true,
              "interact_text": "action.interact.gantung",
              "swing": true
            },
            {
              "on_interact": {
                "filters": {
                  "all_of": [
                    {
                      "test": "has_equipment",
                      "subject": "other",
                      "domain": "hand",
                      "value": "aerell:putih_lead"
                    },
                    {
                      "test": "is_family",
                      "subject": "other",
                      "value": "player"
                    }
                  ]
                },
                "event": "aerell:putih",
                "target": "self"
              },
              "use_item": true,
              "interact_text": "action.interact.gantung",
              "swing": true
            },
            {
              "on_interact": {
                "filters": {
                  "all_of": [
                    {
                      "test": "has_equipment",
                      "subject": "other",
                      "domain": "hand",
                      "value": "aerell:stepe_lead"
                    },
                    {
                      "test": "is_family",
                      "subject": "other",
                      "value": "player"
                    }
                  ]
                },
                "event": "aerell:stepe",
                "target": "self"
              },
              "use_item": true,
              "interact_text": "action.interact.gantung",
              "swing": true
            },
            {
              "on_interact": {
                "filters": {
                  "all_of": [
                    {
                      "test": "has_equipment",
                      "subject": "other",
                      "domain": "hand",
                      "value": "aerell:moend_lead"
                    },
                    {
                      "test": "is_family",
                      "subject": "other",
                      "value": "player"
                    }
                  ]
                },
                "event": "aerell:moend",
                "target": "self"
              },
              "use_item": true,
              "interact_text": "action.interact.gantung",
              "swing": true
            }
          ]
        }
      },
      "aerell:sapi": {
        "minecraft:variant": {
          "value": 1
        },
        "minecraft:interact": {
          "interactions": [
            {
              "on_interact": {
                "filters": {
                  "all_of": [
                    {
                      "test": "has_equipment",
                      "subject": "other",
                      "domain": "hand",
                      "value": "shears"
                    },
                    {
                      "test": "is_family",
                      "subject": "other",
                      "value": "player"
                    }
                  ]
                },
                "event": "aerell:kulitin1",
                "target": "self"
              },
              "hurt_item": 2,
              "interact_text": "action.interact.kulitin",
              "play_sounds": "shear",
              "swing": true
            }
          ]
        }
      },
      "aerell:coklat": {
        "minecraft:variant": {
          "value": 2
        },
        "minecraft:interact": {
          "interactions": [
            {
              "on_interact": {
                "filters": {
                  "all_of": [
                    {
                      "test": "has_equipment",
                      "subject": "other",
                      "domain": "hand",
                      "value": "shears"
                    },
                    {
                      "test": "is_family",
                      "subject": "other",
                      "value": "player"
                    }
                  ]
                },
                "event": "aerell:kulitin2",
                "target": "self"
              },
              "hurt_item": 2,
              "interact_text": "action.interact.kulitin",
              "play_sounds": "shear",
              "swing": true
            }
          ]
        }
      },
      "aerell:abuabu": {
        "minecraft:variant": {
          "value": 3
        },
        "minecraft:interact": {
          "interactions": [
            {
              "on_interact": {
                "filters": {
                  "all_of": [
                    {
                      "test": "has_equipment",
                      "subject": "other",
                      "domain": "hand",
                      "value": "shears"
                    },
                    {
                      "test": "is_family",
                      "subject": "other",
                      "value": "player"
                    }
                  ]
                },
                "event": "aerell:kulitin3",
                "target": "self"
              },
              "hurt_item": 2,
              "interact_text": "action.interact.kulitin",
              "play_sounds": "shear",
              "swing": true
            }
          ]
        }
      },
      "aerell:putih": {
        "minecraft:variant": {
          "value": 4
        },
        "minecraft:interact": {
          "interactions": [
            {
              "on_interact": {
                "filters": {
                  "all_of": [
                    {
                      "test": "has_equipment",
                      "subject": "other",
                      "domain": "hand",
                      "value": "shears"
                    },
                    {
                      "test": "is_family",
                      "subject": "other",
                      "value": "player"
                    }
                  ]
                },
                "event": "aerell:kulitin4",
                "target": "self"
              },
              "hurt_item": 2,
              "interact_text": "action.interact.kulitin",
              "play_sounds": "shear",
              "swing": true
            }
          ]
        }
      },
      "aerell:stepe": {
        "minecraft:variant": {
          "value": 5
        },
        "minecraft:interact": {
          "interactions": [
            {
              "on_interact": {
                "filters": {
                  "all_of": [
                    {
                      "test": "has_equipment",
                      "subject": "other",
                      "domain": "hand",
                      "value": "shears"
                    },
                    {
                      "test": "is_family",
                      "subject": "other",
                      "value": "player"
                    }
                  ]
                },
                "event": "aerell:kulitin5",
                "target": "self"
              },
              "hurt_item": 2,
              "interact_text": "action.interact.kulitin",
              "play_sounds": "shear",
              "swing": true
            }
          ]
        }
      },
      "aerell:moend": {
        "minecraft:variant": {
          "value": 6
        },
        "minecraft:interact": {
          "interactions": [
            {
              "on_interact": {
                "filters": {
                  "all_of": [
                    {
                      "test": "has_equipment",
                      "subject": "other",
                      "domain": "hand",
                      "value": "shears"
                    },
                    {
                      "test": "is_family",
                      "subject": "other",
                      "value": "player"
                    }
                  ]
                },
                "event": "aerell:kulitin6",
                "target": "self"
              },
              "hurt_item": 2,
              "interact_text": "action.interact.kulitin",
              "play_sounds": "shear",
              "swing": true
            }
          ]
        }
      },
      "aerell:kulitin": {
        "minecraft:variant": {
          "value": 7
        },
        "minecraft:interact": {
          "interactions": [
            {
              "on_interact": {
                "filters": {
                  "all_of": [
                    {
                      "test": "is_family",
                      "subject": "other",
                      "value": "player"
                    }
                  ],
                  "any_of": [
                    {
                      "test": "has_equipment",
                      "subject": "other",
                      "domain": "hand",
                      "value": "wooden_sword"
                    },
                    {
                      "test": "has_equipment",
                      "subject": "other",
                      "domain": "hand",
                      "value": "stone_sword"
                    },
                    {
                      "test": "has_equipment",
                      "subject": "other",
                      "domain": "hand",
                      "value": "iron_sword"
                    },
                    {
                      "test": "has_equipment",
                      "subject": "other",
                      "domain": "hand",
                      "value": "golden_sword"
                    },
                    {
                      "test": "has_equipment",
                      "subject": "other",
                      "domain": "hand",
                      "value": "diamond_sword"
                    },
                    {
                      "test": "has_equipment",
                      "subject": "other",
                      "domain": "hand",
                      "value": "netherite_sword"
                    }
                  ]
                },
                "event": "aerell:keluarindaging",
                "target": "self"
              },
              "hurt_item": 1,
              "interact_text": "action.interact.keluarindaging",
              "swing": true
            }
          ]
        }
      },
      "aerell:keluarindaging": {
        "minecraft:variant": {
          "value": 7
        },
        "minecraft:spawn_entity": {
          "entities": {
            "min_wait_time": 1,
            "max_wait_time": 1,
            "spawn_item": "aerell:daging_sapi_mentah"
          }
        },
        "minecraft:timer": {
          "time": [
            4,
            4
          ],
          "looping": false,
          "time_down_event": {
            "event": "minecraft:entity_spawned",
            "target": "self"
          }
        }
      },
      "aerell:kulitdrop1": {
        "minecraft:variant": {
          "value": 1
        },
        "minecraft:spawn_entity": {
          "entities": {
            "min_wait_time": 1,
            "max_wait_time": 1,
            "spawn_item": "leather"
          }
        },
        "minecraft:timer": {
          "time": [
            4,
            4
          ],
          "looping": false,
          "time_down_event": {
            "event": "aerell:kulitin",
            "target": "self"
          }
        }
      },
      "aerell:kulitdrop2": {
        "minecraft:variant": {
          "value": 2
        },
        "minecraft:spawn_entity": {
          "entities": {
            "min_wait_time": 1,
            "max_wait_time": 1,
            "spawn_item": "leather"
          }
        },
        "minecraft:timer": {
          "time": [
            4,
            4
          ],
          "looping": false,
          "time_down_event": {
            "event": "aerell:kulitin",
            "target": "self"
          }
        }
      },
      "aerell:kulitdrop3": {
        "minecraft:variant": {
          "value": 3
        },
        "minecraft:spawn_entity": {
          "entities": {
            "min_wait_time": 1,
            "max_wait_time": 1,
            "spawn_item": "leather"
          }
        },
        "minecraft:timer": {
          "time": [
            4,
            4
          ],
          "looping": false,
          "time_down_event": {
            "event": "aerell:kulitin",
            "target": "self"
          }
        }
      },
      "aerell:kulitdrop4": {
        "minecraft:variant": {
          "value": 4
        },
        "minecraft:spawn_entity": {
          "entities": {
            "min_wait_time": 1,
            "max_wait_time": 1,
            "spawn_item": "aerell:leather_putih"
          }
        },
        "minecraft:timer": {
          "time": [
            4,
            4
          ],
          "looping": false,
          "time_down_event": {
            "event": "aerell:kulitin",
            "target": "self"
          }
        }
      },
      "aerell:kulitdrop5": {
        "minecraft:variant": {
          "value": 5
        },
        "minecraft:spawn_entity": {
          "entities": {
            "min_wait_time": 1,
            "max_wait_time": 1,
            "spawn_item": "leather"
          }
        },
        "minecraft:timer": {
          "time": [
            4,
            4
          ],
          "looping": false,
          "time_down_event": {
            "event": "aerell:kulitin",
            "target": "self"
          }
        }
      },
      "aerell:kulitdrop6": {
        "minecraft:variant": {
          "value": 6
        },
        "minecraft:spawn_entity": {
          "entities": {
            "min_wait_time": 1,
            "max_wait_time": 1,
            "spawn_item": "leather"
          }
        },
        "minecraft:timer": {
          "time": [
            4,
            4
          ],
          "looping": false,
          "time_down_event": {
            "event": "aerell:kulitin",
            "target": "self"
          }
        }
      },
      "instant_despawn": {
        "minecraft:instant_despawn": {}
      },
      "aerell:damage_sensor": {
        "minecraft:damage_sensor": {
          "triggers": {
            "cause": "all",
            "deals_damage": false
          }
        }
      }
    },
    "components": {
      "minecraft:type_family": {
        "family": [
          "block",
          "block_entity"
        ]
      },
      "minecraft:collision_box": {
        "width": 0.5,
        "height": 0.9
      },
      "minecraft:health": {
        "value": 1,
        "max": 1
      },
      "minecraft:pushable": {
        "is_pushable": false,
        "is_pushable_by_piston": false
      },
      "minecraft:conditional_bandwidth_optimization": {},
      "minecraft:fire_immune": {},
      "minecraft:damage_sensor": {},
      "minecraft:inside_block_notifier": {
        "block_list": [
          {
            "block": "aerell:gantungan_sapi",
            "exited_block_event": {
              "event": "block_hancur",
              "target": "self"
            }
          }
        ]
      },
      "minecraft:loot": {
        "table": "loot_tables/blocks/gantungan_sapi.json"
      }
    },
    "events": {
      "minecraft:entity_spawned": {
        "remove": {
          "component_groups": [
            "aerell:keluarindaging",
            "aerell:damage_sensor"
          ]
        },
        "add": {
          "component_groups": [
            "aerell:gantungan"
          ]
        }
      },
      "aerell:sapi": {
        "remove": {
          "component_groups": [
            "aerell:gantungan"
          ]
        },
        "add": {
          "component_groups": [
            "aerell:sapi",
            "aerell:damage_sensor"
          ]
        }
      },
      "aerell:coklat": {
        "remove": {
          "component_groups": [
            "aerell:gantungan"
          ]
        },
        "add": {
          "component_groups": [
            "aerell:coklat",
            "aerell:damage_sensor"
          ]
        }
      },
      "aerell:abuabu": {
        "remove": {
          "component_groups": [
            "aerell:gantungan"
          ]
        },
        "add": {
          "component_groups": [
            "aerell:abuabu",
            "aerell:damage_sensor"
          ]
        }
      },
      "aerell:putih": {
        "remove": {
          "component_groups": [
            "aerell:gantungan"
          ]
        },
        "add": {
          "component_groups": [
            "aerell:putih",
            "aerell:damage_sensor"
          ]
        }
      },
      "aerell:stepe": {
        "remove": {
          "component_groups": [
            "aerell:gantungan"
          ]
        },
        "add": {
          "component_groups": [
            "aerell:stepe",
            "aerell:damage_sensor"
          ]
        }
      },
      "aerell:moend": {
        "remove": {
          "component_groups": [
            "aerell:gantungan"
          ]
        },
        "add": {
          "component_groups": [
            "aerell:moend",
            "aerell:damage_sensor"
          ]
        }
      },
      "aerell:kulitin": {
        "run_command": {
          "command": [
            "xp 100 @p"
          ]
        },
        "remove": {
          "component_groups": [
            "aerell:kulitdrop1",
            "aerell:kulitdrop2",
            "aerell:kulitdrop3",
            "aerell:kulitdrop4",
            "aerell:kulitdrop5",
            "aerell:kulitdrop6"
          ]
        },
        "add": {
          "component_groups": [
            "aerell:kulitin"
          ]
        }
      },
      "aerell:kulitin1": {
        "run_command": {
          "command": [
            "xp 100 @p"
          ]
        },
        "remove": {
          "component_groups": [
            "aerell:sapi"
          ]
        },
        "add": {
          "component_groups": [
            "aerell:kulitdrop1"
          ]
        }
      },
      "aerell:kulitin2": {
        "run_command": {
          "command": [
            "xp 100 @p"
          ]
        },
        "remove": {
          "component_groups": [
            "aerell:coklat"
          ]
        },
        "add": {
          "component_groups": [
            "aerell:kulitdrop2"
          ]
        }
      },
      "aerell:kulitin3": {
        "run_command": {
          "command": [
            "xp 100 @p"
          ]
        },
        "remove": {
          "component_groups": [
            "aerell:abuabu"
          ]
        },
        "add": {
          "component_groups": [
            "aerell:kulitdrop3"
          ]
        }
      },
      "aerell:kulitin4": {
        "run_command": {
          "command": [
            "xp 100 @p"
          ]
        },
        "remove": {
          "component_groups": [
            "aerell:putih"
          ]
        },
        "add": {
          "component_groups": [
            "aerell:kulitdrop4"
          ]
        }
      },
      "aerell:kulitin5": {
        "run_command": {
          "command": [
            "xp 100 @p"
          ]
        },
        "remove": {
          "component_groups": [
            "aerell:stepe"
          ]
        },
        "add": {
          "component_groups": [
            "aerell:kulitdrop5"
          ]
        }
      },
      "aerell:kulitin6": {
        "run_command": {
          "command": [
            "xp 100 @p"
          ]
        },
        "remove": {
          "component_groups": [
            "aerell:moend"
          ]
        },
        "add": {
          "component_groups": [
            "aerell:kulitdrop6"
          ]
        }
      },
      "aerell:keluarindaging": {
        "run_command": {
          "command": [
            "xp 100 @p"
          ]
        },
        "remove": {
          "component_groups": [
            "aerell:kulitin"
          ]
        },
        "add": {
          "component_groups": [
            "aerell:keluarindaging"
          ]
        }
      },
      "block_hancur": {
        "add": {
          "component_groups": [
            "instant_despawn"
          ]
        }
      }
    }
  }
}