{
  "format_version": "1.16.100",
  "minecraft:block": {
    "description": {
      "identifier": "aerell:keran_nyala",
      "properties": {
        "block:keran": [
          false,
          true
        ],
        "block:rotasi": [
          0,
          1,
          2,
          3,
          4,
          5,
          6
        ]
      }
    },
    "components": {
      "minecraft:loot": "loot_tables/blocks/keran.json",
      "minecraft:destroy_time": 0.17,
      "minecraft:map_color": "#c5c2bc",
      "minecraft:explosion_resistance": 0.9,
      "minecraft:block_light_absorption": 0,
      "minecraft:on_player_placing": {
        "event": "rotasi_block"
      },
      "minecraft:on_interact": {
        "event": "keran_air"
      },
      "minecraft:material_instances": {
        "*": {
          "texture": "keran",
          "render_method": "opaque"
        }
      },
      "minecraft:geometry": "geometry.keran_off",
      "minecraft:pick_collision": {
        "origin": [
          -2,
          0,
          -3
        ],
        "size": [
          4,
          9,
          11
        ]
      },
      "minecraft:entity_collision": {
        "origin": [
          -6,
          1,
          -1
        ],
        "size": [
          16,
          16,
          16
        ]
      },
      "minecraft:breathability": "air",
      "minecraft:ticking": {
        "looping": false,
        "range": [
          0,
          0
        ],
        "on_tick": {
          "event": "tidak_ada"
        }
      },
      "minecraft:placement_filter": {
        "conditions": [
          {
            "allowed_faces": ["side"]
          }
        ]
      }
    },
    "permutations": [
      {
        "condition": "query.block_property(\u0027block:rotasi\u0027) \u003d\u003d 2",
        "components": {
          "minecraft:rotation": [
            0,
            -180,
            0
          ]
        }
      },
      {
        "condition": "query.block_property(\u0027block:rotasi\u0027) \u003d\u003d 3",
        "components": {
          "minecraft:rotation": [
            0,
            0,
            0
          ]
        }
      },
      {
        "condition": "query.block_property(\u0027block:rotasi\u0027) \u003d\u003d 4",
        "components": {
          "minecraft:rotation": [
            0,
            -90,
            0
          ]
        }
      },
      {
        "condition": "query.block_property(\u0027block:rotasi\u0027) \u003d\u003d 5",
        "components": {
          "minecraft:rotation": [
            0,
            90,
            0
          ]
        }
      },
      {
        "condition": "!query.block_property('block:keran')",
        "components": {
          "minecraft:geometry": "geometry.keran_on",
          "minecraft:ticking": {
            "looping": true,
            "range": [0, 0],
            "on_tick": {
              "event": "aerell:air"
            }
          }
        }
      }
    ],
    "events": {
      "rotasi_block": {
        "set_block_property": {
          "block:rotasi": "query.cardinal_facing_2d"
        }
      },
      "tidak_ada": {
        "run_command": {
          "command": "setblock ~~~ aerell:keran"
        }
      },
      "aerell:air": {
				"run_command": {
					"command": ["particle aerell:keran_air ~~-0.4~", "playsound ambient.weather.rain @p ~~~ 1 5"]
				}
			},
      "keran_air": {
        "set_block_property": {
          "block:keran": "query.block_property('block:keran') ? false : true"
        }
      }
    }
  }
}