{
  "format_version": "1.16.100",
  "minecraft:block": {
    "description": {
      "identifier": "aerell:marjan_melon_block",
      "properties": {
        "block:rotasi": [
          0,
          1,
          2,
          3,
          4,
          5,
          6
        ]
      }
    },
    "components": {
      "minecraft:loot": "loot_tables/blocks/marjan_melon_block.json",
      "minecraft:destroy_time": 0.5,
      "minecraft:map_color": "#2d8f24",
      "minecraft:explosion_resistance": 0.9,
      "minecraft:block_light_absorption": 0,
      "minecraft:on_player_placing": {
        "event": "rotasi_block"
      },
      "minecraft:material_instances": {
        "*": {
          "texture": "marjan_melon_block",
          "render_method": "blend"
        }
      },
      "minecraft:creative_category": {
				"group": "itemGroup.name.ramadhan",
				"category": "construction"
			},
      "minecraft:geometry": "geometry.marjan",
      "minecraft:pick_collision": {
        "origin": [
          -2,
          0,
          -2
        ],
        "size": [
          4,
          18,
          4
        ]
      },
      "minecraft:entity_collision": {
        "origin": [
          -2,
          0,
          -2
        ],
        "size": [
          4,
          18,
          4
        ]
      },
      "minecraft:breathability": "air",
      "minecraft:placement_filter": {
        "conditions": [
          {
            "allowed_faces": ["up"]
          }
        ]
      }
    },
    "permutations": [
      {
        "condition": "query.block_property('block:rotasi') == 2",
        "components": {
          "minecraft:rotation": [
            0,
            -180,
            0
          ]
        }
      },
      {
        "condition": "query.block_property('block:rotasi') == 3",
        "components": {
          "minecraft:rotation": [
            0,
            0,
            0
          ]
        }
      },
      {
        "condition": "query.block_property('block:rotasi') == 4",
        "components": {
          "minecraft:rotation": [
            0,
            -90,
            0
          ]
        }
      },
      {
        "condition": "query.block_property('block:rotasi') == 5",
        "components": {
          "minecraft:rotation": [
            0,
            90,
            0
          ]
        }
      }
    ],
    "events": {
      "rotasi_block": {
        "set_block_property": {
          "block:rotasi": "query.cardinal_facing_2d"
        }
      }
    }
  }
}