{
  "format_version": "1.13.0",
  "minecraft:entity": {
    "description": {
      "identifier": "aerell:kaleng",
      "is_spawnable": false,
      "is_summonable": true,
      "is_experimental": false
    },
    "component_groups": {
    },
    "components": {
      "minecraft:collision_box": {
        "width": 0.25,
        "height": 0.25
      },
      "minecraft:health": {
        "value": 1,
        "max": 1
      },
      "minecraft:loot": {
        "table": "loot_tables/kaleng.json"
      },
      "minecraft:projectile": {
        "on_hit": {
          "impact_damage": {
            "damage": 10,
            "knockback": true,
            "semi_random_diff_damage": true,
            "destroy_on_hit": false,
            "max_critical_damage": 10,
            "min_critical_damage": 9,
            "power_multiplier": 0.97
          },
          "stick_in_ground": {
            "shake_time" : 0.0
          },
          "arrow_effect": {
          }
        },
        "hit_sound": "aerell.kaleng.hit",
        "power": 5.0,
        "gravity": 0.05,
        "uncertainty_base": 1,
        "uncertainty_multiplier": 0,
        "anchor": 1,
        "should_bounce": true,
        "offset": [ 0, -0.1, 0 ]
      },
      "minecraft:physics": {
      },
      "minecraft:pushable": {
        "is_pushable": true,
        "is_pushable_by_piston": true
      },
      "minecraft:conditional_bandwidth_optimization": {
        "default_values": {
          "max_optimized_distance": 100.0,
          "max_dropped_ticks": 5,
          "use_motion_prediction_hints": true
        }
      }
    },
    "events": {
    }
  }
}