{
	"file_path": "C:\\Users\\AerellGamers\\AppData\\Local\\Packages\\Microsoft.MinecraftUWP_8wekyb3d8bbwe\\LocalState\\games\\com.mojang\\development_behavior_packs\\Addon Idul Adha 2022 - BP\\feature_rules\\rumah_pht_feature_rule.json",
	"file_type": "feature_rule",
	"format_version": 1,
	"file_uuid": "07489f28_0fdb_4742_a8ae_79580ff68787",
	"file_version": 1,
	"cache_content": {
		"children": [
			{
				"data": "1.18.30",
				"key": "format_version"
			},
			{
				"open": {
					"format_version": "1.18.30",
					"minecraft:feature_rules": {
						"description": {
							"identifier": "aerell:rumah_pht_feature_rule",
							"places_feature": "aerell:rumah_pht"
						},
						"conditions": {
							"placement_pass": "surface_pass",
							"minecraft:biome_filter": {
								"any_of": [
									{
										"test": "has_biome_tag",
										"operator": "==",
										"value": "overworld"
									},
									{
										"test": "has_biome_tag",
										"operator": "==",
										"value": "overworld_generation"
									}
								]
							}
						},
						"distribution": {
							"iterations": 1,
							"x": {
								"extent": [
									0,
									16
								],
								"distribution": "uniform"
							},
							"y": {
								"extent": [
									60,
									77
								],
								"distribution": "uniform"
							},
							"z": {
								"extent": [
									0,
									16
								],
								"distribution": "uniform"
							}
						}
					}
				},
				"key": "minecraft:feature_rules",
				"children": [
					{
						"open": {
							"description": {
								"identifier": "aerell:rumah_pht_feature_rule",
								"places_feature": "aerell:rumah_pht"
							},
							"conditions": {
								"placement_pass": "surface_pass",
								"minecraft:biome_filter": {
									"any_of": [
										{
											"test": "has_biome_tag",
											"operator": "==",
											"value": "overworld"
										},
										{
											"test": "has_biome_tag",
											"operator": "==",
											"value": "overworld_generation"
										}
									]
								}
							},
							"distribution": {
								"iterations": 1,
								"x": {
									"extent": [
										0,
										16
									],
									"distribution": "uniform"
								},
								"y": {
									"extent": [
										60,
										77
									],
									"distribution": "uniform"
								},
								"z": {
									"extent": [
										0,
										16
									],
									"distribution": "uniform"
								}
							}
						},
						"key": "description",
						"is_minified": true,
						"children": {
							"identifier": "aerell:rumah_pht_feature_rule",
							"places_feature": "aerell:rumah_pht"
						}
					},
					{
						"open": {
							"description": {
								"identifier": "aerell:rumah_pht_feature_rule",
								"places_feature": "aerell:rumah_pht"
							},
							"conditions": {
								"placement_pass": "surface_pass",
								"minecraft:biome_filter": {
									"any_of": [
										{
											"test": "has_biome_tag",
											"operator": "==",
											"value": "overworld"
										},
										{
											"test": "has_biome_tag",
											"operator": "==",
											"value": "overworld_generation"
										}
									]
								}
							},
							"distribution": {
								"iterations": 1,
								"x": {
									"extent": [
										0,
										16
									],
									"distribution": "uniform"
								},
								"y": {
									"extent": [
										60,
										77
									],
									"distribution": "uniform"
								},
								"z": {
									"extent": [
										0,
										16
									],
									"distribution": "uniform"
								}
							}
						},
						"key": "conditions",
						"children": [
							{
								"data": "surface_pass",
								"key": "placement_pass"
							},
							{
								"open": {
									"placement_pass": "surface_pass",
									"minecraft:biome_filter": {
										"any_of": [
											{
												"test": "has_biome_tag",
												"operator": "==",
												"value": "overworld"
											},
											{
												"test": "has_biome_tag",
												"operator": "==",
												"value": "overworld_generation"
											}
										]
									}
								},
								"key": "minecraft:biome_filter",
								"children": [
									{
										"open": {
											"any_of": [
												{
													"test": "has_biome_tag",
													"operator": "==",
													"value": "overworld"
												},
												{
													"test": "has_biome_tag",
													"operator": "==",
													"value": "overworld_generation"
												}
											]
										},
										"key": "any_of",
										"is_minified": true,
										"children": [
											{
												"test": "has_biome_tag",
												"operator": "==",
												"value": "overworld"
											},
											{
												"test": "has_biome_tag",
												"operator": "==",
												"value": "overworld_generation"
											}
										]
									}
								]
							}
						]
					},
					{
						"open": {
							"description": {
								"identifier": "aerell:rumah_pht_feature_rule",
								"places_feature": "aerell:rumah_pht"
							},
							"conditions": {
								"placement_pass": "surface_pass",
								"minecraft:biome_filter": {
									"any_of": [
										{
											"test": "has_biome_tag",
											"operator": "==",
											"value": "overworld"
										},
										{
											"test": "has_biome_tag",
											"operator": "==",
											"value": "overworld_generation"
										}
									]
								}
							},
							"distribution": {
								"iterations": 1,
								"x": {
									"extent": [
										0,
										16
									],
									"distribution": "uniform"
								},
								"y": {
									"extent": [
										60,
										77
									],
									"distribution": "uniform"
								},
								"z": {
									"extent": [
										0,
										16
									],
									"distribution": "uniform"
								}
							}
						},
						"key": "distribution",
						"children": [
							{
								"data": "1",
								"key": "iterations"
							},
							{
								"open": {
									"iterations": 1,
									"x": {
										"extent": [
											0,
											16
										],
										"distribution": "uniform"
									},
									"y": {
										"extent": [
											60,
											77
										],
										"distribution": "uniform"
									},
									"z": {
										"extent": [
											0,
											16
										],
										"distribution": "uniform"
									}
								},
								"key": "x",
								"children": [
									{
										"open": {
											"extent": [
												0,
												16
											],
											"distribution": "uniform"
										},
										"key": "extent",
										"is_minified": true,
										"children": [
											0,
											16
										]
									},
									{
										"data": "uniform",
										"key": "distribution"
									}
								]
							},
							{
								"open": {
									"iterations": 1,
									"x": {
										"extent": [
											0,
											16
										],
										"distribution": "uniform"
									},
									"y": {
										"extent": [
											60,
											77
										],
										"distribution": "uniform"
									},
									"z": {
										"extent": [
											0,
											16
										],
										"distribution": "uniform"
									}
								},
								"key": "y",
								"children": [
									{
										"open": {
											"extent": [
												60,
												77
											],
											"distribution": "uniform"
										},
										"key": "extent",
										"is_minified": true,
										"children": [
											60,
											77
										]
									},
									{
										"data": "uniform",
										"key": "distribution"
									}
								]
							},
							{
								"open": {
									"iterations": 1,
									"x": {
										"extent": [
											0,
											16
										],
										"distribution": "uniform"
									},
									"y": {
										"extent": [
											60,
											77
										],
										"distribution": "uniform"
									},
									"z": {
										"extent": [
											0,
											16
										],
										"distribution": "uniform"
									}
								},
								"key": "z",
								"children": [
									{
										"open": {
											"extent": [
												0,
												16
											],
											"distribution": "uniform"
										},
										"key": "extent",
										"is_minified": true,
										"children": [
											0,
											16
										]
									},
									{
										"data": "uniform",
										"key": "distribution"
									}
								]
							}
						]
					}
				]
			}
		]
	}
}